idx,ts_unix,hash,size
1,1779943556,8c23d24e6cafe24b8a7fb92a89998d78,190
2,1779943572,8c23d24e6cafe24b8a7fb92a89998d78,190
3,1779943583,8c23d24e6cafe24b8a7fb92a89998d78,190
4,1779943595,8c23d24e6cafe24b8a7fb92a89998d78,190
5,1779943607,8c23d24e6cafe24b8a7fb92a89998d78,190
6,1779943619,8c23d24e6cafe24b8a7fb92a89998d78,190
7,1779943634,8c23d24e6cafe24b8a7fb92a89998d78,190
8,1779943646,8c23d24e6cafe24b8a7fb92a89998d78,190
9,1779943658,8c23d24e6cafe24b8a7fb92a89998d78,190
10,1779943670,8c23d24e6cafe24b8a7fb92a89998d78,190
11,1779943682,8c23d24e6cafe24b8a7fb92a89998d78,190
12,1779943698,8c23d24e6cafe24b8a7fb92a89998d78,190
