idx,http_code,total_ms,t_wall
2,200,2.456665,2
3,200,2.456092,2
6,200,2.502421,2
5,200,3.461726,3
4,200,3.880141,3
1,200,3.883283,3
12,200,2.295166,6
7,200,2.310265,6
10,000,10.004381,13
11,000,10.003837,13
8,000,10.003846,13
9,000,10.003550,13
17,200,5.209018,19
14,200,5.230938,19
16,200,5.338228,19
15,200,5.364953,19
18,200,5.361621,19
13,200,5.381006,19
19,200,1.823604,21
22,200,1.839127,21
23,200,1.889831,21
20,200,2.093958,21
21,200,2.193321,21
24,200,2.195161,21
28,200,1.438057,23
26,200,1.517019,23
27,200,1.704797,23
30,200,1.732207,23
29,200,2.434449,24
25,200,2.439544,24
